"n_variants","time_mean","time_sd","time_min","time_max"
5,4.97633333333333,5.05397431071165,1.922,10.81
10,8.42266666666667,10.3605857620761,2.414,20.386
25,7.90866666666667,0.757195043125173,7.471,8.783
50,22.4386666666667,1.09447902370642,21.177,23.133
68,22.0726666666667,2.27590297098388,19.445,23.422
